{"state_size": 2, "action_size": 4, "learning_rate": 0.1, "gamma": 0.95, "epsilon": 0.06057704364907282, "epsilon_decay": 0.995, "epsilon_min": 0.01, "td_target": false, "stats": {"episode_rewards": [104.22685424949239, 104.58685424949238, 104.58685424949238, 104.57685424949238, 104.58685424949238, 104.58685424949238, 104.57685424949238, 104.58685424949238, 104.58685424949238, 104.55685424949237, 104.56685424949238, 104.58685424949238, 104.56685424949238, 104.58685424949238, 104.58685424949238, 104.58685424949238, 104.58685424949238, 104.58685424949238, 104.58685424949238, 104.58685424949238, 104.53685424949238, 104.57685424949238, 104.58685424949238, 104.58685424949238, 104.56685424949238, 104.54685424949238, 104.54685424949238, 104.58685424949238, 104.57685424949238, 104.58685424949238, 104.50685424949238, 104.55685424949237, 104.56685424949238, 104.58685424949238, 104.58685424949238, 104.56685424949238, 104.58685424949238, 104.57685424949238, 104.58685424949238, 104.58685424949238, 104.58685424949238, 104.56685424949238, 104.55685424949237, 104.55685424949237, 104.58685424949238, 104.58685424949238, 104.57685424949238, 104.58685424949238, 104.58685424949238, 104.58685424949238, 104.58685424949238, 104.56685424949238, 104.57685424949238, 104.58685424949238, 104.56685424949238, 104.56685424949238, 104.55685424949237, 104.57685424949238, 104.58685424949238, 104.57685424949238, 104.58685424949238, 104.58685424949238, 104.58685424949238, 104.57685424949238, 104.57685424949238, 104.55685424949237, 104.58685424949238, 104.58685424949238, 104.58685424949238, 104.57685424949238, 104.58685424949238, 104.58685424949238, 104.56685424949238, 104.58685424949238, 104.58685424949238, 104.57685424949238, 104.58685424949238, 104.57685424949238, 104.58685424949238, 104.58685424949238, 104.58685424949238, 104.58685424949238, 104.58685424949238, 104.58685424949238, 104.58685424949238, 104.57685424949238, 104.57685424949238, 104.58685424949238, 104.58685424949238, 104.58685424949238, 104.58685424949238, 104.58685424949238, 104.58685424949238, 104.58685424949238, 104.58685424949238, 104.58685424949238, 104.58685424949238, 104.58685424949238, 104.58685424949238, 104.58685424949238], "episode_lengths": [0, 0, 0, 0, 0, 0, 0, 0, 0, 0, 0, 0, 0, 0, 0, 0, 0, 0, 0, 0, 0, 0, 0, 0, 0, 0, 0, 0, 0, 0, 0, 0, 0, 0, 0, 0, 0, 0, 0, 0, 0, 0, 0, 0, 0, 0, 0, 0, 0, 0, 0, 0, 0, 0, 0, 0, 0, 0, 0, 0, 0, 0, 0, 0, 0, 0, 0, 0, 0, 0, 0, 0, 0, 0, 0, 0, 0, 0, 0, 0, 0, 0, 0, 0, 0, 0, 0, 0, 0, 0, 0, 0, 0, 0, 0, 0, 0, 0, 0, 0], "epsilon_history": [0.0995, 0.09900250000000001, 0.0985074875, 0.09801495006250001, 0.09752487531218751, 0.09703725093562657, 0.09655206468094843, 0.09606930435754368, 0.09558895783575597, 0.09511101304657718, 0.09463545798134429, 0.09416228069143756, 0.09369146928798038, 0.09322301194154048, 0.09275689688183278, 0.09229311239742362, 0.0918316468354365, 0.09137248860125932, 0.09091562615825302, 0.09046104802746176, 0.09000874278732444, 0.08955869907338782, 0.08911090557802087, 0.08866535105013076, 0.08822202429488012, 0.08778091417340572, 0.0873420096025387, 0.086905299554526, 0.08647077305675337, 0.0860384191914696, 0.08560822709551225, 0.08518018596003468, 0.08475428503023451, 0.08433051360508334, 0.08390886103705793, 0.08348931673187264, 0.08307187014821328, 0.08265651079747222, 0.08224322824348486, 0.08183201210226744, 0.0814228520417561, 0.08101573778154732, 0.08061065909263958, 0.08020760579717638, 0.0798065677681905, 0.07940753492934956, 0.07901049725470281, 0.0786154447684293, 0.07822236754458715, 0.07783125570686422, 0.0774420994283299, 0.07705488893118825, 0.07666961448653231, 0.07628626641409965, 0.07590483508202915, 0.075525310906619, 0.07514768435208591, 0.07477194593032548, 0.07439808620067385, 0.07402609576967048, 0.07365596529082213, 0.07328768546436802, 0.07292124703704618, 0.07255664080186094, 0.07219385759785164, 0.07183288830986238, 0.07147372386831308, 0.07111635524897152, 0.07076077347272666, 0.07040696960536302, 0.0700549347573362, 0.06970466008354953, 0.06935613678313178, 0.06900935609921612, 0.06866430931872003, 0.06832098777212643, 0.0679793828332658, 0.06763948591909946, 0.06730128848950397, 0.06696478204705644, 0.06662995813682115, 0.06629680834613705, 0.06596532430440637, 0.06563549768288433, 0.06530732019446991, 0.06498078359349757, 0.06465587967553008, 0.06433260027715243, 0.06401093727576666, 0.06369088258938783, 0.0633724281764409, 0.06305556603555869, 0.0627402882053809, 0.062426586764353996, 0.062114453830532226, 0.061803881561379566, 0.061494862153572666, 0.0611873878428048, 0.060881450903590775, 0.06057704364907282]}}