{"(0, 0)": [1.6186820983470254, 37.10405388526194, 0.1322497534158099, 2.296280061698264], "(0, 1)": [2.653967039201783, 47.90603022824795, 0.1599942739348101, 1.601862435362893], "(0, 2)": [4.849449471832104, 59.94967374753661, 0.08565846795355905, -0.09254140323482381], "(0, 3)": [4.9747568591014995, 72.20605359772121, 0.727274478008703, 0.11532752497296413], "(0, 4)": [14.410619742372507, 16.905605922489983, 82.8953110461904, 4.167658617485435], "(1, 4)": [4.099550669395297, 4.273708399165915, 89.62234903488907, 0.0], "(2, 4)": [16.568659777906923, 27.178718105526652, 95.35039842695988, 0.4771709535874933], "(3, 4)": [18.744229369520234, -0.0019000000000000002, 99.99734386011123, 0.7569459351303912], "(3, 3)": [-0.08318544151266948, 17.795779090455564, 0.0, 0.0], "(2, 3)": [-0.09362096826685898, 27.670697365609815, 0.0, 0.0], "(1, 3)": [-0.09600829310156034, 12.823349330550101, 0.0, 0.0], "(4, 4)": [0.0, 0.0, 0.0, 0.0], "(1, 2)": [0.7506415145142891, 0.0, 0.0, 0.0], "(1, 0)": [0.0, 0.0, 0.14847871065070203, 0.0], "(2, 0)": [-0.048866696072538046, 0.1700387685435813, 0.0, 0.0], "(2, 1)": [-0.06470894116552957, 0.5092249257876187, 0.0, 0.0], "(1, 1)": [0.0, 0.0, 0.20806381747624056, 0.0], "(2, 2)": [-0.05480246854219977, 3.9174967404563787, 0.0, 0.0]}